id,intitule,description,dateCreation,dateActualisation,lieuTravail_libelle,lieuTravail_latitude,lieuTravail_longitude,lieuTravail_codePostal,lieuTravail_commune,typeContrat,typeContratLibelle,natureContrat,experienceExige,experienceLibelle,competences_code,competences_libelle,competences_exigence,salaire_commentaire,salaire_libelle,salaire_complement1,dureeTravailLibelle,dureeTravailLibelleConverti,alternance,contact_nom,contact_coordonnees1,contact_courriel,urlPostulation,secteurActivite,secteurActiviteLibelle,origineOffre_origine,origineOffre_urlOrigine,partenaires,offresManqueCandidats
194JMRR,Data analyste ou ingénieur Data en apprentissage (H/F),"Contrat d'apprentissage 12 mois  Vous êtes intéressé(e) par le numérique, les nouveaux usages et leurs applications dans le domaine de la santé, et recherchez une alternance en tant qu'ingénieur data ou data analyste ? Rejoignez-nous !  Le Groupement Régional e-Santé Bretagne   Créé en 2007 par des fédérations de professionnels et d'établissements de santé, le GCS e-Santé Bretagne est un organisme régional à but non lucratif, qui accompagne tous les professionnels de santé bretons dans la mise en place et l'utilisation de solutions numériques adaptées. La e-Santé vit aujourd'hui un tournant majeur ! À l'écoute des besoins de son territoire, le GCS déploie des solutions de e-santé permettant de faciliter les échanges entre professionnels et ainsi, la coordination du parcours de soin du patient.  Vous voulez en savoir plus, suivez le lien : https://www.esante-bretagne.fr/nous-connaitre/notre-organisation/  La valorisation des données prend aujourd'hui une place stratégique dans nos activités, en soutien à la gouvernance, à l'analyse d'impact et à l'amélioration continue de nos services numériques.  Vos missions En tant qu'alternant(e) Data Analyste / Ingénieur(e) Data, vous participerez activement à la fiabilisation, à l'optimisation et à l'automatisation de notre chaîne de traitement de données, ainsi qu'à la création d'indicateurs et tableaux de bord pour piloter l'activité.   - Vous participez à la maintenance et à l'évolution des pipelines de traitement de données (ETL/ELT)  - Vous assurez le contrôle de qualité et de cohérence des données à chaque étape  - Vous automatisez les processus de transformation et de nettoyage de données  - Vous concevez, mettez à jour et améliorez les tableaux de bord de pilotage (KPI,suivi d'activité.)  - Vous collaborez avec les équipes métiers pour identifier les besoins et proposer des indicateurs pertinents  - Vous contribuez à l'industrialisation et à la documentation de la plateforme de données  Les compétences Vous préparez un diplôme de niveau Bac+3 à Bac+5 en informatique, data management, statistique, . vous serez intégré à la cellule Transformation et vous serez amené à travailler avec l'ensemble des acteurs du groupement. Une bonne maitrise de SQL et des outils de data visualisation, une connaissance des principes d'ETL et de pipelines de données sont un plus. Vous souhaitez développer vos compétences dans un environnement dynamique et d'intérêt général, vous faite preuve de rigueur, du sens du détail et d'analyse. Organisé(e) et curieux(se), vous disposez d'une bonne capacité d'adaptation et de synthèse.  Les avantages Jusqu'à 3 jours de télétravail par semaine Titres restaurants  Nous vous remercions d'adresser un dossier (CV + lettre de motivation) à : recrutement@ esante-bretagne.fr",2025-06-24T17:07:41.651Z,2025-06-24T17:07:42.054Z,35 - Rennes,48.110899,-1.68365,35700,35238,CDD,CDD - 12 Mois,Contrat apprentissage,D,Débutant accepté,,,,Selon grille conventionnelle,,Chèque repas,"35H/semaine
Travail en journée",Temps plein,True,,,,,63,"Traitement de données, hébergement et activités connexes",1,https://candidat.francetravail.fr/offres/recherche/detail/194JMRR,,False
194JJWD,Expert Data & Support Marketing (H/F),"Peters Surgical fait désormais partie d'Advanced Medical Solutions (AMS). Ensemble, nous développons, fabriquons et distribuons des adhésifs tissulaires, des sutures, des hémostats, des biocéramiques, des dispositifs de fixation interne, des produits d'étanchéité interne et des pansements pour le traitement des plaies. Notre travail quotidien consiste à améliorer la qualité des soins aux patients en contribuant à la réussite de la procédure chirurgicale et en développant des dispositifs médicaux performants et des services associés.  Leader mondial dans le domaine des dispositifs médicaux, AMS/PS emploie plus de 1500 personnes dans le monde et distribue ses produits dans plus de 90 pays.  Expert Data & Support Marketing Bilingue Anglais  En tant qu'Expert Data & Support Marketing chez AMS, vous serez rattaché(e) au Responsable du Workstream portefeuille Janus.  Vos missions seront les suivantes :   - Soutenir les responsables du portefeuille Janus - Créer les contenus data nécessaires à partir des systèmes BI existants et analyser les données de façon à ce que les utilisateurs puissent comprendre les résultats et prendre des décisions - Prendre en charge la gestion d'une base de données centrale Excel SKU-SKU comportant plusieurs centaines de milliers de points de données, outil clé pour le projet Janus - Optimiser les données en alignement avec les objectifs définis du projet Janus - Reporting et documentation, y compris la gestion et le contrôle des demandes de changements initiées - Support pour les tâches marketing nécessaires  Responsabilités principales  - Être membre de l'équipe workstream du portefeuille Janus. Interagir également avec le Directeur Catégorie et le Directeur Marketing des catégories Suture, Clip, VTO. Collaborer avec d'autres workstreams Janus si nécessaire - Travailler étroitement avec les responsables du portefeuille Janus pour les aider à remplir leurs missions et respecter leurs délais. Créer les contenus data demandés à partir du système BI et analyser les données pour permettre des prises de décision basées sur des chiffres et des faits - Être responsable et leader de la base de données centrale Excel SKU-SKU (plusieurs centaines de milliers de points de données), outil clé du projet Janus. Collaborer avec l'IT pour transférer ce fichier Excel vers un outil IT plus stable et professionnel capable de gérer autant de données - Optimiser les données conformément aux objectifs Janus : identifier et corriger erreurs ou incohérences en collaboration avec les responsables workstream, dans tous les endroits nécessaires, jusqu'à mise en place d'une solution IT finale. Éviter les inefficacités - Capable de créer et lire des rapports et, si nécessaire, initier des demandes de changements pour corriger données et erreurs dans les systèmes ERP liés. Soutenir et contrôler la mise en œuvre de ces changements selon les processus définis - Identifier et éliminer les désalignements, gérer les changements historiques non finalisés dans l'ERP. Initier les demandes de changement pour marquer les codes à supprimer si nécessaire - Support pour les tâches marketing liées au projet Janus et au nouveau branding :  a. Création de brouillons de lettres clients b. Pack shots & matériel photo c. Impacts du rebranding des Sutures et CI d. Mise à jour de contenu   Diplôme de niveau Bachelor ou formation commerciale équivalente, ou expérience professionnelle dans l'industrie  Compétences analytiques supérieures à la moyenne pour l'analyse du portefeuille suture (basée sur chiffres et faits)  Maîtrise avancée de MS Office, notamment Excel très poussé et sensible aux détails  Expertise dans l'utilisation de logiciels IT et applicatifs business basés sur navigateur  Grande motivation personnelle, organisation rigoureuse, sens des responsabilités, fiabilité, durabilité, attitude positive « can do »,",2025-06-24T16:19:18.796Z,2025-06-24T16:19:19.299Z,92 - BOULOGNE BILLANCOURT,48.836953,2.242538,92100,92012,CDD,CDD - 18 Mois,Contrat travail,E,4 An(s),300366,Recueillir et analyser les besoins client,S,Selon profil,,Autre,"35H/semaine
Travail en journée",Temps plein,False,PETERS SURGICAL - Mme MIRETTE AMBROSI,"Pour postuler, utiliser le lien suivant : https://candidat.francetravail.fr/offres/recherche/detail/194JJWD","Pour postuler, utiliser le lien suivant : https://candidat.francetravail.fr/offres/recherche/detail/194JJWD",,32,Fabrication de matériel médico-chirurgical et dentaire,1,https://candidat.francetravail.fr/offres/recherche/detail/194JJWD,,False
194JCBZ,Data Analyst (H/F),"""La mission principale du consultant est d'intervenir sur le périmètre BI COGNOS du domaine Supply Chain (SCI). Il devra prendre en charge la mise en œuvre des outils transverses de la solution de l'éditeur MANHATTAN, ainsi que les applications attenantes (WMOS, IFEE, MSF, WebSphere), en environnement AIX / Power 8 et 9.""  ""Exploiter l'environnement existant en coordination avec l'AMOA et les zones, piloter les demandes des utilisateurs en s'appuyant sur l'éditeur, les équipes techniques internes, et l'hébergeur.  Trouver des solutions aux problèmes techniques opérationnels. Participer activement à la mise en œuvre de futures nouvelles versions de l'application.  Développements de Reports, Event, et Jobs sous Cognos Analytics La solution utilise plusieurs bases de données Oracle 11g et 12c. Le consultant devra être capable d'exécuter des requêtes en PL/SQL Administrations des plateformes Cognos et créations d'utilisateurs (droits et sécurité) Support niveau 3 ""  ""Solution : SQUARE Techno : SQL, Cognos, Oracle, bonnes connaissances générales du développement et de la technique Zones : toutes les zones ""     ",2025-06-24T14:48:28.474Z,2025-06-24T14:49:03.406Z,75 - PARIS 17,48.887702,2.304844,75017,75117,CDI,CDI,Contrat travail,E,1 An(s),109529,Communiquer les résultats des études aux parties prenantes,S,,Annuel de 34000.00 Euros sur 12 mois,,"35H/semaine
Travail en journée",Temps plein,False,,,,,62,Conseil en systèmes et logiciels informatiques,1,https://candidat.francetravail.fr/offres/recherche/detail/194JCBZ,,False
194HXSJ,Data Manager Clinique Senior H/F (H/F),"Nous recherchons un Data Manager Clinique Senior H/F passionné et autonome, possédant une expertise approfondie de l'outil REDCap, pour une longue mission chez l'un de nos clients basé en Île-de-France.   Principales responsabilités :    * Analyse des besoins des équipes de recherche et proposition de structures de projets adaptées dans REDCap.  * Paramétrage complet de l'outil : création de formulaires (CRF), logiques conditionnelles, gestion des droits, mise en place de la randomisation si nécessaire, etc.  * Être force de proposition sur les bonnes pratiques de recueil et de gestion des données cliniques dans REDCap.  * Compétences solides en gestion de bases de données : modélisation, structuration des données d'études cliniques.  * Maitrise des outils liés à la data clinique (SAS, R, SQL).  * Accompagnement des utilisateurs dans la prise en main de REDCap via des sessions de formation, de la documentation, et du support ponctuel.    * Expérience significative (minimum 5 ans) en tant que Data Manager Clinique  * Maitrise confirmée de l'utilisation et du paramétrage de REDCap.  * Connaissance approfondie des enjeux et processus de la recherche clinique : GCP, protocole, CRF, etc.  * Aisance pédagogique pour former des utilisateurs aux niveaux variés.  * Autonomie, rigueur et bon relationnel indispensables.  * La connaissance d'autres outils de gestion de données cliniques (eCRF, EDC.) constitue un atout.  * La maitrise du logiciel EasyMedStat est souhaitée.  * Maîtrise du français et de l'anglais (écrit et oral).     * Indemnité repas,  * mutuelle d'entreprise familiale,  * centre de formation interne,  * intégration et suivi personnalisé du consultant,   * prime vacances d'été,  * carte cadeau noël,  * after work ponctuel.",2025-06-24T13:56:47.085Z,2025-06-24T13:56:47.649Z,75 - Paris 15e Arrondissement,48.84162,2.295289,75015,75115,CDI,CDI,Contrat travail,E,5 An(s),,,,,Annuel de 45000.0 Euros à 55000.0 Euros sur 12.0 mois,,"35H/semaine
Travail en journée",Temps plein,False,,https://taleez.com/apply/data-manager-clinique-senior-h-f-paris-tempopharma-cdi/applying,,,71,"Ingénierie, études techniques",1,https://candidat.francetravail.fr/offres/recherche/detail/194HXSJ,,False
194HRVL,Data engineer (H/F),"Au sein des équipes et sous la responsabilité du manager, vous avez pour principales missions Faire rétroingénierie sur jobs développés avec l outil Data Services Re développer en SQL et avec notre outil de BI MDA les traitements actuellement réalisés via Data Services De formation informatique Vous justifiez d une bonne expérience en développement SAP BO Data Services Vous maitrisez le SQL et les bases de données La connaissance des données Ressources Humaines et particulièrement en environnement hospitalier serait un plus  faire évoluer son outil BI en remplaçant les alimentations/connecteurs depuis l'infocentre par des alimentations/connecteurs depuis la production. Ce travail nécessite de comprendre les traitements actuels réalisés via SAP BO Data Services afin de les redévelopper (en SQL et avec l outil de la société) en accédant directement aux tables de production. Vous travaillerez de manière étroite avec l ingénieur BI en charge du domaine RH Garant de l'accès qualitatif aux sources de données, le Data Engineer s assure de la maitrise de la donnée et est garant de la qualité de son utilisation afin d'en faciliter l'exploitation par les équipes. Son périmètre d'intervention est axe sur les systèmes applicatifs autour de la gestion de la donnée et du traitement, et sur les plateformes Big Data, IoT, Il assure la supervision et l'intégration des données de diverse nature qui proviennent de ces sources multiples et vérifie la qualité des données qui entrent dans le Data Lake. 5 REMOTE 2 JOURS SUR SITE",2025-06-24T11:32:41.112Z,2025-06-24T11:32:41.112Z,33 - BORDEAUX,44.851897,-0.587877,33000,33063,CDI,CDI,Contrat travail,E,3 An(s),300067;120209;300488,"Analyser, exploiter, structurer des données;Enrichir une base de données;Concevoir et gérer un projet",S;S;S,selon profil,,Autre,"35H/semaine
Travail en journée",Temps plein,False,SOGIA SYSTEME - Mme Christine SALABERT,"Pour postuler, utiliser le lien suivant : https://candidat.francetravail.fr/offres/recherche/detail/194HRVL","Pour postuler, utiliser le lien suivant : https://candidat.francetravail.fr/offres/recherche/detail/194HRVL",,62,Conseil en systèmes et logiciels informatiques,1,https://candidat.francetravail.fr/offres/recherche/detail/194HRVL,,False
194HJWN,Data Scientist Junior H/F (H/F),"Au cœur d'un Groupe où tous les métiers ont un sens, nous recherchons notre futur Data Scientist H/F.     En accord avec les orientations stratégiques du Groupe, le Data Scientist aura pour missions de contribuer aux déploiements de projets de valorisation de la data. Vous travaillez conjointement avec les équipes métiers/de la Direction Asset Supply pour le bon déroulement des projets.  Pourquoi nous rejoindre ?  Un environnement dynamique et stimulant au sein du Groupe avec l'ambition de devenir le leader mondial de la location frigorifique durable. Une équipe dynamique prête à relever de nouveaux challenges au quotidien. Des opportunités de développement et de formation continue, à travers un outil intégré d'E-Learning. Des avantages sociaux, notamment : carte titres restaurant, mutuelle familiale, prime de participation, prime de cooptation, chèques vacances, comité social d'entreprise, jours de repos compensatoires, CET, Plan Épargne Entreprise, PERCO, aide au logement, accord de télétravail. Vos principales missions seront :  En tant que Data Scientist, doublé d'une casquette de Data Analyst avec une capacité à animer une communauté de « Data Champions », vous aurez notamment pour responsabilité de :  1. Extraction et structuration des données   Comprendre la problématique business du client (interne) et participer à sa formalisation avec les équipes métiers. Participer à la définition du cas d'usage Data Science en collaboration avec l'équipe métier. Formaliser la demande d'extraction de données et interagir avec les équipes techniques internes (et/ou externes). Préparer les données pour la modélisation (nettoyage, complétion, etc.). Exprimer les besoins en données (cahier des charges) pour la confection et la maintenance d'un entrepôt de données (datamarts) permettant de conserver et d'utiliser régulièrement les données Maitriser la qualité des données tout au long de leur traitement 2. Analyse et exploration des données  Explorer les données pour valider que le jeu de données contient les données d'entrainement adéquates Définir, entrainer et évaluer la performance de modèles de Data Science. Apporter une réponse au cas d'usage en mettant en évidence le degré de confiance dans la réponse ainsi que les limites de l'analyse. Réaliser des tableaux de bord ou des outils de reporting industrialisés Documenter les travaux. 3. Communication avec les équipes clientes (internes)  Communication continue au travers de l'animation de la « communauté des Data Champions » Cadrer/Participer aux ateliers d'expression des besoins internes Comprendre les problématiques métiers et les traduire de manière analytique Synthétiser et vulgariser les données afin de les rendre accessibles aux dirigeants du Groupe ainsi qu'aux services concernés 4. Veille technologique sur les outils d'analyse de données.  Participer à l'amélioration constante du système de récupération des données client afin d'optimiser et d'agrandir le stock de données possédé par l'entreprise ; Nourrir la veille et la connaissance des évolutions technologiques et organisationnelles du marché Suivre l'évolution de l'état de l'art dans le domaine de la Data Science. Quel est le profil recherché pour ce poste ?  Compétences requises :   Analyse des données (statistiques, probabilités, visualisation de données) Analyse et modélisation de séries temporelles Programmation : Python, SQL, R  Profil recherché :   Vous êtes de formation supérieure en Data Science, mathématiques/statistiques et/ou informatique. Vous avez une première expérience sur du développement Python (stage & alternance accepté). Vous disposez de connaissances solides en statistiques. Vous êtes capable de présenter des démarches scientifiques complexes de manière synthétique, vulgarisée et pédagogique.",2025-06-24T09:43:08.207Z,2025-06-24T09:43:08.992Z,93 - VILLEPINTE,48.956508,2.532434,93420,93078,CDI,CDI,Contrat travail,E,3 An(s),,,,,Mensuel de 4000.0 Euros à 5000.0 Euros sur 12.0 mois,Participation/action,"35H/semaine
Travail en journée",Temps plein,False,PETIT FORESTIER OFFICE - Mme Léane Rondeau,"Pour postuler, utiliser le lien suivant : https://candidat.francetravail.fr/offres/recherche/detail/194HJWN","Pour postuler, utiliser le lien suivant : https://candidat.francetravail.fr/offres/recherche/detail/194HJWN",,70,Conseil pour les affaires et autres conseils de gestion,1,https://candidat.francetravail.fr/offres/recherche/detail/194HJWN,,False
194HFZT,Ingénieur-e  de recherche data-scientist h/f (H/F),"Pourquoi a-t-on besoin de vous ? Au sein de la R&D de Saint-Gobain, léquipe Méthodes Avancées de Data-Science est un laboratoire au service de lensemble des activités du Groupe Saint-Gobain.  Nos experts utilisent la data-science au service de notre industrie, du développement des matériaux de demain, et de la transformation digitale du Groupe Saint-Gobain.  Dans ce cadre, vos missions seront les suivantes :  Proposer, cadrer et mener des projets de recherche appliquée liés à la data-science, allant de lanalyse de données à la création de modèles complexes. Réaliser des prototypes dapplication et contribuer à leur industrialisation. Communiquer pour partager les méthodes, les enjeux et les performances de la data-science et de ses applications. Assurer une veille technologique et scientifique, développer des partenariats académiques. Des déplacements ponctuels de courte durée sont à prévoir en France et à létranger (visites dusines, conférences, formations).  ***  Within Saint-Gobain R&D, the Advanced Data Science Methods team is a laboratory serving all of the Saint-Gobain Group's activities. Our experts use data science to serve our industry, the development of tomorrow's materials, and the digital transformation of the Saint-Gobain Group. In this context, you will be required to:  Propose, frame and lead applied research projects related to data science, ranging from data analysis to the creation of complex models. Produce application prototypes and contribute to their industrialization. Communicate to share the methods, challenges and performances of data science and its applications. Ensure technological and scientific monitoring, develop academic partnerships. Occasional short trips are to be expected in France and abroad (plant visits, conferences, training courses, etc.).  Ce poste est-il fait pour vous ? Vous êtes impérativement titulaire dun doctorat dans lun des domaines suivants : Physique, Statistiques, Machine-Learning, Mathématiques Appliquées ou autre discipline connexe. Vous maîtrisez et comprenez les outils de machine-learning et les principes statistiques dont ils découlent. Vous avez la passion des sciences, vous aimez comprendre comment fonctionnent les choses. Vous aimez explorer et utiliser des algorithmes complexes mais savez être pragmatique pour appliquer une solution simple si elle a le niveau de performance attendu. Vous aimez coder en Python. Vous avez lagilité de travailler sur plusieurs projets en parallèle. Vous êtes force de proposition, faites preuve de proactivité et dautonomie. Vous aimez communiquer à l'écrit et à l'oral, vous maîtrisez le français et langlais. ***  You must have a PhD in one of the following fields: Physics, Statistics, Machine Learning, Applied Mathematics or another related discipline. You master and understand machine learning tools and the statistical principles from which they derive. You are passionate about science, you like to understand how things work. You like to explore and use complex algorithms but know how to be pragmatic to apply a simple solution if it has the expected level of performance. You like to code in Python. You have the agility to work on several projects in parallel. You are proactive and autonomous. You like to communicate in writing and orally, you are fluent in French and English.",2025-06-24T07:59:24.399Z,2025-06-24T07:59:25.111Z,93 - Aubervilliers,48.912878,2.386167,93300,93001,CDI,CDI,Contrat travail,E,2 An(s),109527;300085;300457,Adapter les outils de traitement statistique de données;Conduire des travaux d'études et de recherche;Définir et faire évoluer des procédés de traitement de l'information,S;S;S,,Annuel de 46500.0 Euros à 49000.0 Euros sur 12.0 mois,,"35H/semaine
Travail en journée",Temps plein,False,,https://joinus.saint-gobain.com/en/fra/red/p/65511/267468/ingenieure-de-recherche-data-scientist-hf?cType=JobBoard&sType=FranceTravail&utm_source=SGDBF&utm_medium=TargetingSourcing&utm_campaign=LIDL,,,70,Activités des sièges sociaux,1,https://candidat.francetravail.fr/offres/recherche/detail/194HFZT,,False
8648289,Architecte Applicatif & Data - DSI H/F,"Architecte Applicatif & Data - DSI H/F Temps complet Description de l'entreprise Forvis Mazars est un groupe international d'audit, de fiscalité et de conseil. Avec + de  collaborateurs présents dans une centaine de pays, nous faisons partie du Top 10 des cabinets mondiaux. Nous faisons des métiers sérieux... sans se prendre au sérieux. Faire partie de nos équipes, c'est avant tout assumer sa singularité et oser partager ses idées, dans une ambiance de travail que nous vous invitons à déco...",2025-06-24T15:49:51.000Z,2025-06-24T15:49:52.000Z,92 - COURBEVOIE,48.897974,2.257057,92400,92026,CDI,Contrat à durée indéterminée,Contrat travail,D,Débutant accepté,,,,,,,,,False,,,,,,,2,https://candidat.francetravail.fr/offres/recherche/detail/8648289,DIRECTEMPLOI (https://www.directemploi.com/candidatOffre/51775688?utm_source=pole-emploi&utm_medium=referral&utm_campaign=Pôle-Emploi),
8648097,Data & Integration Engineer H/F,"Notre client est un Groupe mondial qui se distingue par son approche dynamique et innovante dans le secteur du transport de passagers. En pleine expansion, il cherche à attirer des talents prêts à contribuer à leur succès. L'entreprise compte  collaborateurs et la DSI est composée de 70 collaborateurs répartis en 6 directions. Processus de recrutement : Entretien 1 avec RH et Responsable Data (N+1) par Teams, Entretien 2 avec le Responsable Data dans les locaux. Le poste est à pourvoir en CDI en interne, directement chez le client final.  En tant que Data &amp; Integration Engineer, vous êtes rattaché au Responsable Data (N+1) et travaillez dans l'équipe Data &amp; Integration au sein de laquelle de gros enjeux et projets sont à gérer. Dans votre rôle de Data &amp; Integration Engineer, vos principales missions seront les suivantes : Gestion des projets d'intégration : Vous serez responsable de l'intégration des systèmes en veillant à respecter des critères stricts de disponibilité, de fiabilité et de résilience. Pour ce faire, vous appliquerez des modèles d'architecture éprouvés comme par exemple « Message Broker », API : vous mettrez en place une solution complète d'API Management, incluant la création d'un catalogue d'API, Supervision des flux de données : Vous prendrez en charge la recette des flux et assurerez leur suivi en production, en résolvant les incidents qui pourraient survenir, Support technique sur les architectures Cloud Azure : Vous fournirez des conseils techniques sur les architectures Cloud, en collaborant étroitement avec les fournisseurs de solutions et les consultants externes, Amélioration continue des processus : Vous travaillerez sur l'optimisation des processus internes, notamment la localisation et la traçabilité des données, la standardisation des flux de données et la documentation associée, Collaboration avec les équipes internationales. Prime sur objectifs représentant 7,5% de la rémunération fixe brut annuelle, 2 jours de télétravail/semaine, Remboursement de la carte Navigo à hauteur de 80% ou défraiement kilométrique, Tickets restaurants, Avantages conséquents sur les transports, RTT, CE intéressant (300€/an).",2025-06-24T15:48:16.000Z,2025-06-24T15:48:16.000Z,94 - ORLY,48.742287,2.395245,94310,94054,CDI,Contrat à durée indéterminée,Contrat travail,D,Débutant accepté,,,,,,,,,False,,,,,,,2,https://candidat.francetravail.fr/offres/recherche/detail/8648097,DIRECTEMPLOI (https://www.directemploi.com/candidatOffre/51816266?utm_source=pole-emploi&utm_medium=referral&utm_campaign=Pôle-Emploi),
8648081,Data Manager H/F,"Notre client compte aujourd'hui plus de  collaborateurs au sein de ses 27 filiales réparties dans le monde. L'entreprise connaît une croissance constante et sa DSI est actuellement en pleine transformation. Vous évoluerez au siège basé à Roissy-en-France (95). Les valeurs du Groupe sont les suivantes : Engagement - ouverture d'esprit- respect - intégrité - recherche d'amélioration. Vous serez directement rattaché au CIO. Processus : CIO sur Teams, CIO et RH sur site, Questionnaire de personnalité avec restitution sur teams. En tant que Data Manager, vous occuperez un rôle-clé en garantissant la fiabilité, l'accessibilité et la sécurité des données. Vous serez le pilier de la gouvernance des données. Vos missions seront les suivantes : Modélisation : Concevoir, mettre à jour et documenter le modèle conceptuel de données, (MCD), Définir et gérer les données de référence essentielles aux processus métiers. Gouvernance et qualité des données : Recueillir, analyser et traiter les demandes de création ou modification des données en collaboration avec les référents métiers, Définir et mettre en oeuvre les règles de gouvernance pour assurer le suivi et le cycle de vie des données, Suivre et améliorer la qualité des données en définissant des KPI et en mettant en place des actions correctives, Analyser les causes profondes des problèmes de non-qualité et proposer des plans d'amélioration.  Sécurité et conformitDéfinir et mettre à jour les règles de sécurité et d'accès aux données (GDPR, FDA.), S'assurer du respect des normes et réglementations en matière de protection des données. Formation : Sensibiliser et former les équipes aux bonnes pratiques de gestion des données, Accompagner les différents services dans l'amélioration continue des processus liés à la data. Rémunération sur 12 mois, Bonus de 5% sur performance, Prime d'intéressement, 2 jours de TT par semaine, CE attractif.",2025-06-24T15:48:12.000Z,2025-06-24T15:48:12.000Z,95 - ROISSY EN FRANCE,48.997813,2.513436,95700,95527,CDI,Contrat à durée indéterminée,Contrat travail,D,Débutant accepté,,,,,,,,,False,,,,,,,2,https://candidat.francetravail.fr/offres/recherche/detail/8648081,DIRECTEMPLOI (https://www.directemploi.com/candidatOffre/51829035?utm_source=pole-emploi&utm_medium=referral&utm_campaign=Pôle-Emploi),
8647932,Data Engineer H/F,"Notre client est un leader mondial des services multi-techniques, spécialisé dans les solutions d'énergie, de digital et de génie climatique. L'entreprise accompagne ses clients dans leur transition énergétique et numérique grâce à une expertise pointue et des solutions sur mesure. Le poste de Data Engineer/Leader Technique Data est à pourvoir au sein de la DSI France. Il s'agit d'une création de postes et en forte interaction avec les autres acteurs Data du Groupe.  Pour ce poste de Data Engineer / Leader Technique Data évolutif rapidement vers un poste d'Architecte Data, vos missions principales seront les suivantes : Concevoir et implémenter l'architecture data, en cohérence avec les standards IT Corporate, Définir et superviser l'intégration des données issues de sources variées, en garantissant leur qualité et leur sécurité, Orchestrer, configurer et optimiser les traitements data (performance, robustesse, fiabilité), Mettre en place les outils de monitoring et de supervision des flux et des pipelines, Prendre en charge la gestion des incidents et assurer la continuité de service, Collaborer avec les équipes data, IT et projets pour décliner les meilleures pratiques d'architecture, Agir en tant que référent technique et accompagner les Développeurs Data et les Data Analyst dans leurs montées en compétences, Documenter les solutions mises en place (schémas d'architecture, procédures techniques), Assurer une veille technologique active et proposer des améliorations innovantes. L'environnement technique de mon client est le suivant : Palantir Foundry/Python/Power BI/Git/échanges de données : API REST, SFTP, MQTT, etc.  Package Attractif comprenant : Salaire fixe, Salaire Variable, Une entreprise qui propose des grosses possibilités d'évolution, Un rôle évolutif sur de l'architecture, Un environnement bienveillant et challengeant, Un contexte international.",2025-06-24T15:47:34.000Z,2025-06-24T15:47:34.000Z,92 - COURBEVOIE,48.897974,2.257057,92400,92026,CDI,Contrat à durée indéterminée,Contrat travail,D,Débutant accepté,,,,,,,,,False,,,,,,,2,https://candidat.francetravail.fr/offres/recherche/detail/8647932,DIRECTEMPLOI (https://www.directemploi.com/candidatOffre/51828949?utm_source=pole-emploi&utm_medium=referral&utm_campaign=Pôle-Emploi),
8647734,Consultant/Développeur Data H/F,"Notre client est une entreprise de taille moyenne opérant dans le secteur de la technologie et des télécommunications. Avec une présence significative dans plusieurs grandes villes de France, il est connu pour son approche innovante et son engagement envers la qualité.  En tant que Consultant/Développeur Data, vos responsabilités incluront : Développement et mise en oeuvre de solutions de données ; Gestion et analyse des bases de données ; Collaboration avec les équipes techniques pour améliorer les systèmes existants ; Assurer la qualité des données et leur conformité aux normes de l'industrie ; Résolution des problèmes techniques liés aux données ; Présentation des résultats d'analyse aux parties prenantes internes ; Formation des utilisateurs finaux sur les nouvelles fonctionnalités de données ; Suivi des tendances et des évolutions dans le domaine de la data.   Voici ce que notre client vous offre pour le poste de Consultant/Développeur Data : Un salaire compris entre 50 et 55K€ ; Une expérience enrichissante dans le secteur de la technologie et des télécommunications ; La possibilité de travailler avec une équipe dédiée et professionnelle ; Des opportunités de formation continue ; Un environnement de travail stimulant et innovant. N'hésitez pas à postuler si vous pensez que cette opportunité correspond à vos compétences et à vos ambitions. Nous nous réjouissons de recevoir votre candidature.",2025-06-24T15:46:48.000Z,2025-06-24T15:46:48.000Z,67 - STRASBOURG,48.579831,7.761454,67000,67482,LIB,Profession libérale,Emploi non salarié,D,Débutant accepté,,,,,,,,,False,,,,,,,2,https://candidat.francetravail.fr/offres/recherche/detail/8647734,DIRECTEMPLOI (https://www.directemploi.com/candidatOffre/51816322?utm_source=pole-emploi&utm_medium=referral&utm_campaign=Pôle-Emploi),
8647720,Data Analyst - BI H/F,"Notre client est une organisation de taille moyenne. Ils possèdent une équipe dédiée à la technologie et cherchent à renforcer leur capacité à analyser et à utiliser efficacement les données.En tant que Data Analyst - BI, vous aurez les responsabilités suivantes : Analyser et interpréter les données complexes pour aider à la prise de décision ; Travailler en étroite collaboration avec l'équipe technologique pour comprendre les besoins en matière de données ; Concevoir les flux de données ETL pour la BI (Stambia/Semarchy) ; Collaborer avec diverses parties prenantes pour comprendre leurs besoins en matière de données ; Effectuer des analyses prédictives pour aider à la planification stratégique ; Assurer la qualité et l'intégrité des données ; Contribuer à l'élaboration de la stratégie de gestion des données de l'entreprise ; Restez à jour avec les dernières tendances et technologies en matière d'analyse de données. Le package proposé pour cette fonction comprend : Un salaire annuel de  à  euros ; Une prime de participation ; Des avantages liés à la qualité de vie au travail ; Un poste basé à Lille dans une entreprise reconnue.",2025-06-24T15:46:44.000Z,2025-06-24T15:46:44.000Z,59 - LILLE,50.630993,3.045449,59000,59350,CDI,Contrat à durée indéterminée,Contrat travail,D,Débutant accepté,,,,,,,,,False,,,,,,,2,https://candidat.francetravail.fr/offres/recherche/detail/8647720,DIRECTEMPLOI (https://www.directemploi.com/candidatOffre/51801415?utm_source=pole-emploi&utm_medium=referral&utm_campaign=Pôle-Emploi),
8647715,Data & IA Engineer H/F,"Notre client est un acteur majeur du monde de la construction et du bâtiment. Présent sur tout le territoire national, la DSI est un moteur d'innovation et de transformation du Groupe. Au sein d'une DSI de 50 personnes, vous intégrez le Pôle Architecture et Sécurité. La data plateforme de notre client répond aux standards modernes (Data Lake S3, DBT, Glue).  Pour ce rôle de Data Engineer, les missions prévues sont les suivantes : Concevoir, développer et optimiser les fonctionnalités de la Modern Data Platform du Groupe, Structurer, construire et maintenir les pipelines de données, Contribuer activement aux projets d'IA Générative, Assurer le DataOps (la connaissance de  Terraform est un atout), Collaborer avec les équipes métier pour comprendre leurs besoins et concevoir des solutions Data et IA adaptées, Interagir avec les équipes Dev et Infra pour intégrer les solutions Data et IA dans les processus CI/CD &amp; Ops, Construire des tableaux de bord et indicateurs et contribuer à l'évolution du socle technique  DataViz pour permettre (la MAJ) le temps réel , Assurer une veille technologique constante et participer aux réflexions sur les bonnes pratiques en matière de gestion des données.    Vous rejoignez une entreprise à taille humaine, Le projet autour de la Data et de l'IA est mature mais beaucoup de choses restent à faire : Le terrain de jeu pour un passionné de la data est grand, Les possibilités de progression sont fortes.",2025-06-24T15:46:42.000Z,2025-06-24T15:46:42.000Z,73 - CHAMBERY,45.583223,5.909299,73000,73065,CDI,Contrat à durée indéterminée,Contrat travail,D,Débutant accepté,,,,,,,,,False,,,,,,,2,https://candidat.francetravail.fr/offres/recherche/detail/8647715,DIRECTEMPLOI (https://www.directemploi.com/candidatOffre/51801332?utm_source=pole-emploi&utm_medium=referral&utm_campaign=Pôle-Emploi),
8647664,CA-CIB - Développeur Back-End Java Big Data H/F,"A la pointe de l'innovation technologique, les équipes IT de CA-CIB accompagnent sur le plan technique et fonctionnel, les activités et projets de développement des différents métiers de la Banque de Financements et d'Investissement dans un environnement international. En intégrant une filière informatique de plus de  Collaborateurs, vous bénéficierez de multiples opportunités professionnelles, grâce à la diversité des métiers de CA-CIB et à leurs parcours évolutifs au sein des entités du Groupe. Michael Page recrute un Développeur Back-End Java Big Data lors d'une journée de recrutement le 25 juin  chez CA-CIB. Au sein de la DSI, vous évoluerez dans un environnement particulièrement stimulant en tant que Développeur Back-End Java sur des applications coeur de métier. En tant que Développeur Back-End Java Big Data, vos responsabilités consisterontComprendre les besoins client et leur traduction en fonctions applicatives, Travailler étroitement avec les Analystes, les designers et les équipes en charge du support et des infrastructures, Ecrire un code de qualité pour programmer des applications complètes dans les temps et concevoir des prototypes créatifs selon les spécifications, Participer à la mise en place de nouvelles architectures (API, micro-services, exploitabilité des données.), Garantir que les contraintes d'assurance qualité, de performance, de stabilité, de maintenabilité et d'évolutivité sont respectées, Respecter les standards de développement mis en place (CI/CD, DDD) et promouvoir les pratiques de tests systématiques, Elaborer des documents techniques et manuels pour représenter précisément la conception applicative et le code source. La rémunération et les avantages à ce poste sont : Un contrat à durée indéterminée (CDI) ; Une possibilité de télétravail jusqu'à 2 jours par semaine ; L'adhésion à la convention collective de la banque ; Un programme d'intéressement ; L'accès à un CSE très dynamique. Nous encourageons vivement tous les candidats intéressés à postuler à ce poste passionnant et stimulant au sein d'une organisation de premier plan dans le secteur des services financiers. Processus de recrutement : Test de Coding Games ; Journée de job dating le 25 juin  avec rencontres des managers et Tech Lead sur le campus de CA-CIB ; Entretien Teams plus échange RH ; Réponse sous 72H après la fin du processus de 3 jours.",2025-06-24T15:46:31.000Z,2025-06-24T15:46:31.000Z,92 - MONTROUGE,48.815929,2.316207,92120,92049,CDI,Contrat à durée indéterminée,Contrat travail,D,Débutant accepté,,,,,,,,,False,,,,,,,2,https://candidat.francetravail.fr/offres/recherche/detail/8647664,DIRECTEMPLOI (https://www.directemploi.com/candidatOffre/51816543?utm_source=pole-emploi&utm_medium=referral&utm_campaign=Pôle-Emploi),
8647652,Data Scientist Senior Risque de Crédit H/F,"Ce recrutement est géré par Michael Banque et Services Financiers, spécialiste du recrutement de cadres confirmés pour l'ensemble des acteurs en banque, assurances, asset management, sociétés de financements spécialisés, Fintech, etc. Notre client est un Groupe de renommée en France. Il est basé à Puteaux, La Défense (92).  Au sein de la Direction des Risques, dans l'équipe Data Analytique et Risque de Crédit et au sein du Pôle « modélisation », vous avez la responsabilité des travaux de modélisation des risques de crédit dans le cadre du passage en méthode avancée (IRBA) de la filière affacturage. En tant que Data Scientist Senior Risque de Crédit, vos missions sont les suivantes : Développer et suivre les modèles utilisés au sein de la filière, Piloter le projet d'homologation de la filière, pour le passage en méthode avancée du calcul des exigences, réglementaires Bâle 3 : Suivi du défaut, développement de modèles internes pour les calculs d'exigence de fonds propres, etc. Suivre les risques de crédit sur le portefeuille et réaliser les reportings réglementaires risques, Suivre le provisionnement des dossiers risqués, Présenter les travaux aux instances de gouvernance, Rédiger la documentation en vue de la demande d'homologation de la BCE, Assurer un rôle de référent technique au sein de l'équipe sur les projets de modélisation, S'assurer de la gouvernance de la donnée. Cette liste n'est pas limitative.  2 jours de télétravail possible/semaine.",2025-06-24T15:46:28.000Z,2025-06-24T15:46:28.000Z,92 - PUTEAUX,48.884156,2.237199,92800,92062,CDI,Contrat à durée indéterminée,Contrat travail,D,Débutant accepté,,,,,,,,,False,,,,,,,2,https://candidat.francetravail.fr/offres/recherche/detail/8647652,DIRECTEMPLOI (https://www.directemploi.com/candidatOffre/51816504?utm_source=pole-emploi&utm_medium=referral&utm_campaign=Pôle-Emploi),
8647466,Développeur BI - Environnement Data and Décisionnel H/F,"Structure française en croissance, présente à l'international, avec une culture d'entreprise conviviale et un ADN fort autour de l'innovation, de la simplicité et de l'humain.  Rattaché au Chef de Projet BI et au DSI, vous contribuez à la performance de la chaîne décisionnelle en assurant : Le pilotage et la maintenance des flux ETL (Talend, SSIS), avec documentation associée, L'optimisation de l'entrepôt de données (Snowflake, MSSQL) en termes de fiabilité et de performance, Le support aux métiers (comités, mise à disposition des données, accompagnement utilisateurs), La participation aux projets BI : Développement, tests, mise en production, Le rôle de backup sur les flux opérationnels si nécessaire.   Poste évolutif.",2025-06-24T15:45:43.000Z,2025-06-24T15:45:43.000Z,59 - ST ANDRE LEZ LILLE,50.661146,3.040218,59350,59527,CDI,Contrat à durée indéterminée,Contrat travail,D,Débutant accepté,,,,,,,,,False,,,,,,,2,https://candidat.francetravail.fr/offres/recherche/detail/8647466,DIRECTEMPLOI (https://www.directemploi.com/candidatOffre/51816680?utm_source=pole-emploi&utm_medium=referral&utm_campaign=Pôle-Emploi),
8647423,Data Center System Engineer Senior H/F,"Notre client est une organisation de taille moyenne opérant dans le secteur Technology &amp; Telecoms. Spécialisé dans la conception et la gestion de systèmes technologiques, il se distingue par son approche centrée sur l'innovation et l'excellence technique.  En tant que Data Center System Engineer Senior, vous aurez les responsabilités suivantes : Superviser et maintenir les systèmes d'infrastructure des centres de données ; Diagnostiquer et résoudre les problématiques techniques complexes ; Mettre en oeuvre des solutions de virtualisation et d'optimisation des ressources ; Élaborer et exécuter des plans de continuité et de reprise après sinistre ; Collaborer avec les équipes internes pour assurer une intégration harmonieuse des nouveaux systèmes ; Documenter les procédures et les processus pour garantir une traçabilité optimale ; Réaliser des audits de performance et proposer des améliorations proactives ; Veiller à la conformité des systèmes avec les normes et réglementations en vigueur.   Notre client vous offre : Une rémunération compétitive ; Un contrat permanent avec des opportunités d'évolution ; Un environnement stimulant dans le secteur Technology &amp; Telecoms ; Un accès à des projets innovants et à des technologies de pointe ; Un équilibre entre vie professionnelle et personnelle ; 25 jours de CP + 20 RTT/an. Rejoignez une équipe engagée basée à Issus et contribuez à façonner l'avenir des technologies. Postulez dès maintenant pour le poste de Data Center System Engineer Senior.",2025-06-24T15:45:33.000Z,2025-06-24T15:45:33.000Z,95 - MAREIL EN FRANCE,49.069014,2.423699,95850,95365,CDI,Contrat à durée indéterminée,Contrat travail,D,Débutant accepté,,,,,,,,,False,,,,,,,2,https://candidat.francetravail.fr/offres/recherche/detail/8647423,DIRECTEMPLOI (https://www.directemploi.com/candidatOffre/51828961?utm_source=pole-emploi&utm_medium=referral&utm_campaign=Pôle-Emploi),
8647418,Data Platform Manager H/F,"Notre client est un acteur majeur international du secteur de l'industrie de la parfumerie et du développement d'arômes. Il commercialise ses produits pour des entreprises des secteurs pharmaceutique, agroalimentaire et luxe/cosmétique. Les locaux sont à Argenteuil (95) et il y a 2 jours de télétravail/semaine : Environnement international, DSI Globale de +500 personnes,  utilisateurs. L'entreprise accorde une grande importance à la diversité et à l'inclusion, tout en valorisant le développement personnel grâce à l'acquisition continue de nouvelles compétences. Processus de recrutement : 3 entretiens.En tant que Data Platform Manager, vous serez responsable de la stratégie, du développement et de la gestion de la plateforme de données (Snowflake), de l'ingénierie des données, de l'observabilité et de l'architecture, en alignement avec la stratégie IT. Vous garantirez que la plateforme répond aux besoins des utilisateurs et suit une approche produit. En tant que Data Platform Manager, vous aurez les responsabilités suivantes : Définir et maintenir la vision et la feuille de route de la plateforme, Manager l'équipe de la plateforme (Ingénieurs et Architectes), composée de 7 à 9 collaborateurs, Assurer la livraison des produits liés à la plateforme de données, Superviser les demandes commerciales et IT, planifier les ressources et atténuer les risques. En termes de leadership/management, vous aurezCollaborer avec les Responsables Produits et Architectes pour aligner stratégie business et IT, Prendre des décisions basées sur la valeur tout au long du cycle de vie du produit, S'assurer en permanence que l'architecture actuelle et future, les investissements et les solutions sont alignés avec la stratégie data/analytics, Promouvoir la plateforme auprès des départements Business et IT et dans les différents pays. Rémunération fixe attractive, Prime annuelle de 20%, Participation et plan d'épargne, Comité d'entreprise, Mutuelle intéressante, 40 jours de congés par an (25 CP + 15 RTT), Prise en charge partielle des frais de repas et de transport, Très belles opportunités de développement de carrière.",2025-06-24T15:45:32.000Z,2025-06-24T15:45:32.000Z,95 - ARGENTEUIL,48.948465,2.248202,95100,95018,CDI,Contrat à durée indéterminée,Contrat travail,D,Débutant accepté,,,,,,,,,False,,,,,,,2,https://candidat.francetravail.fr/offres/recherche/detail/8647418,DIRECTEMPLOI (https://www.directemploi.com/candidatOffre/51816446?utm_source=pole-emploi&utm_medium=referral&utm_campaign=Pôle-Emploi),
8647416,Expert Tableau & Data H/F,"Notre client est un grand acteur du tourisme en France et en Europe qui compte plusieurs marques très connues. Les locaux sont basés à Paris dans le 19ème arrondissement et 3 jours de télétravail/semaine sont proposés. Le Groupe compte plus de  collaborateurs. La DSI comporte 300 collaborateurs répartis en 6 grandes directions. La DSI est rattachée à la holding et intervient en transverse pour chaque marque. Processus de recrutement : Entretien avec le Manager de l'équipe Analytics (N+1), Mise en situation et test technique avec un Expert Tableau, Entretien avec la Responsable du pôle Data (N+2). Rattaché à la DSI et plus précisément au Pôle Data, vous travaillerez au sein de l'équipe Analytics (composée de 10 personnes) en tant qu'Expert Tableau &amp; Data.  Rejoindre notre client comme Expert Tableau &amp; Data, c'est être un acteur clé dans le pilotage d'un outil d'analyse de données moderne et innovant tout en participant à un projet stratégique de transformation data au sein d'un environnement stimulant. L'équipe Analytics est dynamique et valorise l'initiative et la collaboration. Vos principales missions seront les suivantes : Assurer l'administration de Tableau, Etre un support aux utilisateurs, les monter en compétences et animer la communauté, Concevoir, maintenir et faire évoluer des dashboards performants et intuitifs sur Tableau, Participer à un gros projet de migration du socle de données Analytics sur GCP ainsi que la migration de SAP Business Objects (BO) vers Tableau. Cela implique de créer et contrôler des sources de données Tableau, de migrer/créer des dashboards et enfin d'accompagner les utilisateurs dans l'adoption de cet outil.    Accès séjour du personnel pour l'ensemble des marques, Primes intéressantes, Accord de participation, Avantages CSE (chèques vacances, pass culture, allocation voyage, carte cadeaux à noël), Télétravail jusqu'à 3 jours/semaine, Mutuelle et prévoyance prise en charge à 60% par l'employeur, RIE avec prise en charge patronale, Beauty room et salle de sport à prix attractif.",2025-06-24T15:45:32.000Z,2025-06-24T15:45:32.000Z,75,,,,75056,CDI,Contrat à durée indéterminée,Contrat travail,D,Débutant accepté,,,,,,,,,False,,,,,,,2,https://candidat.francetravail.fr/offres/recherche/detail/8647416,DIRECTEMPLOI (https://www.directemploi.com/candidatOffre/51828956?utm_source=pole-emploi&utm_medium=referral&utm_campaign=Pôle-Emploi),
8647360,Directeur de Domaine Data & Business Information H/F,"Notre client est un acteur majeur de l'assurance-crédit basé à Bois-Colombes (92), présent dans le monde entier et comptant  collaborateurs dont 800 en France. Processus de recrutement : Entretien avec le DSI Groupe (N+1), Entretien avec les Responsables métiers, Entretien avec le Directeur Stratégie &amp; Innovation, Entretien RH.   Le Directeur de domaine Data &amp; Business Information est responsable du maintien en conditions opérationnelles, de l'évolution continue des applications de son périmètre et de la direction des projets, dont le programme de mise en place d'une nouvelle plateforme très stratégique pour mieux récolter et valoriser les données. Il collabore étroitement avec le Sponsor Métier pour la gestion et l'évolution de son domaine d'activité. En fonction des objectifs, des priorités et des bénéfices attendus, il définit la feuille de route stratégique. Garant de l'avancement des projets et des versions applicatives, il veille à leur bon déroulement et, en coordination avec le sponsor, s'assure du respect des budgets alloués ainsi que de la réalisation des bénéfices escomptés. Rattaché au Directeur des Systèmes d'Informations, le Directeur de domaine Data &amp; Business Information manage une équipe d'une quarantaine de personnes (internes et externes confondus), dont des Managers techniques relais. Il supervise l'ensemble des ressources sur son périmètre applicatif, comprenant des Business Analysts, des Solution Analysts, des Product Owners ainsi que des Développeurs, des Ingénieurs Data. Il gère également les relations avec les fournisseurs de forfait et de TMA associés à son domaine, avec un budget d'environ 8M€.  La rémunération fixe est sur 12 mois, un variable de 20% est proposé et intéressement/participation (environ 6%). Les autres avantages comprennent : 30 jours de CP et 10 RTT, * 3 jours de télétravail/semaine, Tickets restaurant (12€/jour), Mutuelle intéressant, CE et remboursement loisirs, Un environnement de travail stimulant, Une culture d'entreprise axée sur l'innovation et l'amélioration continue, Des opportunités de développement professionnel. Nous encourageons vivement les candidats correspondant au profil recherché à postuler à ce poste passionnant dans une entreprise de premier plan dans le secteur de l'assurance.",2025-06-24T15:45:18.000Z,2025-06-24T15:45:18.000Z,92 - BOIS COLOMBES,48.915331,2.268837,92270,92009,CDI,Contrat à durée indéterminée,Contrat travail,D,Débutant accepté,,,,,,,,,False,,,,,,,2,https://candidat.francetravail.fr/offres/recherche/detail/8647360,DIRECTEMPLOI (https://www.directemploi.com/candidatOffre/51828959?utm_source=pole-emploi&utm_medium=referral&utm_campaign=Pôle-Emploi),
8647357,Consultant DATA Gouvernance H/F,"Notre client est une grande organisation industrielle. Ce sont des experts en matière de technologie qui mettent un point d'honneur à maintenir des standards de qualité élevés tout en encourageant l'innovation.  En tant que Consultant DATA Gouvernance, vous aurez les responsabilités suivantes : Gérer, organiser et protéger les données de l'entreprise ; Veiller à ce que les données soient précises, accessibles, sécurisées et utilisées de manière appropriée ; Collaborer étroitement avec les équipes internes pour comprendre leurs besoins en matière de données ; Élaborer des politiques et des procédures pour la collecte, l'utilisation et le partage de données ; Conseiller sur les meilleures pratiques en matière de gestion des données ; Assurer la conformité avec les lois et réglementations relatives à la protection des données ; Former le personnel à l'utilisation sûre et efficace des données.   Un contrat temporaire avec une grande organisation dans le secteur des Services aux Entreprises. C'est une excellente occasion de rejoindre une entreprise qui valorise l'innovation et la qualité.",2025-06-24T15:45:17.000Z,2025-06-24T15:45:17.000Z,75,,,,75056,LIB,Profession libérale,Emploi non salarié,D,Débutant accepté,,,,,,,,,False,,,,,,,2,https://candidat.francetravail.fr/offres/recherche/detail/8647357,DIRECTEMPLOI (https://www.directemploi.com/candidatOffre/51816563?utm_source=pole-emploi&utm_medium=referral&utm_campaign=Pôle-Emploi),
8647300,Data Engineer H/F,"Notre client est une organisation de taille moyenne opérant dans le secteur industriel. Elle se concentre sur l'innovation technologique et la fabrication de produits innovants. L'entreprise est actuellement en train de faire évoluer son environnement Data pour venir travailler sur des projets ambitieux. C'est dans ce cadre que nous recherchons un Data Engineer pour venir accompagner la structure dans ses beaux projets. Directement rattaché au DSI, vous aurez pour mission de : Concevoir et maintenir des bases de données robustes et optimisées ; Analyser les données pour fournir des insights pertinents aux équipes métier ; Collaborer avec les équipes de développement pour intégrer des solutions data-driven ; Élaborer des modèles prédictifs et des algorithmes pour optimiser les processus ; Assurer la sécurité et l'intégrité des données ; Documenter les processus et les flux de travail liés aux données ; Former les équipes internes sur les outils et les méthodologies de gestion des données.  Le package proposé pour cette fonction : Salaire selon profil, Intéressement et Participation, Accès à des projets innovants, Evolution professionnelle. Si ce poste vous intéresse, n'hésitez pas à postuler.",2025-06-24T15:45:01.000Z,2025-06-24T15:45:01.000Z,24 - ST SAUVEUR,44.869697,0.582385,24520,24499,CDI,Contrat à durée indéterminée,Contrat travail,D,Débutant accepté,,,,,,,,,False,,,,,,,2,https://candidat.francetravail.fr/offres/recherche/detail/8647300,DIRECTEMPLOI (https://www.directemploi.com/candidatOffre/51825706?utm_source=pole-emploi&utm_medium=referral&utm_campaign=Pôle-Emploi),
8646764,Développeur Data Analyst (H/F) - LYON,"Fort de 70 ans d'expertise, notre client est un acteur important du secteur de la protection juridique en France en permettant à chacun, un accès facilité au droit et à la justice. C'est dans ce contexte que nous avons besoin de vos compétences : rattaché(e) au DSI, vous allez travailler au sein d'une équipe à taille humaine de sept personnes.Dans le cadre de la mise en œuvre des projets du SI, vous manipulerez des bases de données, participerez aux développements et paramétrages des progiciels nécessaires, tout en assurant le support aux utilisateurs.Vos responsabilités au quotidien :Analyse des besoins métiers : contribuer à la définition des spécifications générales rédigées par les Chefs de Projets, rédiger l&apos;analyse technique ainsi que l'étude détaillée et s'assurer de la validation des dossiers Développement spécifique ou paramétrage : développer et paramétrer des outils, des interfaces applicatives, ou scripts de reprise de donnéesQualification des développements : élaborer les jeux d'essais pour les tests unitaires d'intégration, effectuer les tests unitaires, identifier et traiter les dysfonctionnementsRecettage utilisateur (en coordination avec les Chefs de Projet et les Utilisateurs) : préparer les recettes utilisateurs, assurer les correctifs et compléments d'études détailléesMaintenance des applications : assurer le support technique et fonctionnel aux utilisateurs sur les applications dont vous avez la charge et effectuer le suivi demandes en les documentant. S'assurer de la satisfaction des équipes métiers, et coordonner vos actions avec les prestataires#QuelleRepartition : 60% analyses et développements / 40% manipulation de donnéesRémunération:",2025-06-24T15:43:04.000Z,2025-06-24T15:43:04.000Z,69,,,,69123,CDI,Contrat à durée indéterminée,Contrat travail,D,Débutant accepté,,,,,,,,,False,,,,,,,2,https://candidat.francetravail.fr/offres/recherche/detail/8646764,DIRECTEMPLOI (https://www.directemploi.com/candidatOffre/51786171?utm_source=pole-emploi&utm_medium=referral&utm_campaign=Pôle-Emploi),
8646134,ALTERNANT(E) - C&B et Data RH (H/F),"ALTERNANT(E) - C&B et Data RH Temps partiel Description de l'entreprise Nous sommes SGS, le leader mondial du testing, de l'inspection et de la certification. Reconnue comme la référence en termes de qualité et d'intégrité, SGS exploite un réseau de plus de  bureaux et laboratoires à travers le monde et emploie plus de  collaborateurs travaillant ensemble pour permettre un monde meilleur, plus sûr et plus interconnecté. Pourquoi rejoindre la team SGS ? SGS est un groupe international ...",2025-06-24T15:41:14.000Z,2025-06-24T15:41:14.000Z,94 - ARCUEIL,48.805178,2.333471,94110,94003,CDI,Contrat à durée indéterminée,Contrat travail,D,Débutant accepté,,,,,,,,,False,,,,,,,2,https://candidat.francetravail.fr/offres/recherche/detail/8646134,DIRECTEMPLOI (https://www.directemploi.com/candidatOffre/51780189?utm_source=pole-emploi&utm_medium=referral&utm_campaign=Pôle-Emploi),
8645977,Apprenti Transformation Digitale - Data et Intelligence Artificielle F/H/N (H/F),"Apprenti Transformation Digitale - Data et Intelligence Artificielle F/H/N Temps complet Legal Entity: e.l.m. leblanc SAS Description de l'entreprise Chez Bosch, nous façonnons le futur en inventant des technologies de pointe et des services qui visent à susciter l'enthousiasme et améliorer la vie quotidienne. Nous vous offrons de travailler sur des métiers passionnants dans un contexte de travail international et un environnement innovant et dynamique. Bosch France est une filiale du Groupe Bos...",2025-06-24T15:40:48.000Z,2025-06-24T15:40:48.000Z,93 - DRANCY,48.924157,2.444197,93700,93029,CDI,Contrat à durée indéterminée,Contrat travail,D,Débutant accepté,,,,,,,,,False,,,,,,,2,https://candidat.francetravail.fr/offres/recherche/detail/8645977,DIRECTEMPLOI (https://www.directemploi.com/candidatOffre/51780565?utm_source=pole-emploi&utm_medium=referral&utm_campaign=Pôle-Emploi),
8645888,Data Gouvernance & Management : Comment maitriser et valoriser la donnée à travers un modèle de gouvernance pragmatique et efficient ? (H/F),"Data Gouvernance & Management : Comment maitriser et valoriser la donnée à travers un modèle de gouvernance pragmatique et efficient ? Stage Description de l'entreprise Wavestone est un cabinet de conseil, qui a pour mission d'accompagner les entreprises et organisations dans leurs transformations stratégiques dans un monde en constante évolution, avec l'ambition de générer des impacts positifs et durables pour toutes ses parties prenantes. Forts de plus de  collaborateur.rices talentueux.s...",2025-06-24T15:40:31.000Z,2025-06-24T15:40:31.000Z,75,,,,75056,CDI,Contrat à durée indéterminée,Contrat travail,D,Débutant accepté,,,,,,,,,False,,,,,,,2,https://candidat.francetravail.fr/offres/recherche/detail/8645888,DIRECTEMPLOI (https://www.directemploi.com/candidatOffre/51774153?utm_source=pole-emploi&utm_medium=referral&utm_campaign=Pôle-Emploi),
8645780,R&D DATA & BIOSTATISTIC MANAGER - H/F,"R&D DATA & BIOSTATISTIC MANAGER - H/F Temps complet Expérience: 5 à 10 ans Activity: Animal Nutrition & Health Type de contrat: Permanent Contract Description de l'entreprise Acteur mondial de référence dans le domaine des levures et de la fermentation, Lesaffre conçoit, produit et apporte des solutions innovantes pour la panification, le goût & plaisir alimentaire, le bien-être & la santé et la biotechnologie. Groupe familial, né dans le Nord de la France en , aujourd'hui multi-local et plu...",2025-06-24T15:40:09.000Z,2025-06-24T15:40:09.000Z,59 - MARCQ EN BAROEUL,50.676748,3.100594,59700,59378,CDI,Contrat à durée indéterminée,Contrat travail,D,Débutant accepté,,,,,,,,,False,,,,,,,2,https://candidat.francetravail.fr/offres/recherche/detail/8645780,DIRECTEMPLOI (https://www.directemploi.com/candidatOffre/51774288?utm_source=pole-emploi&utm_medium=referral&utm_campaign=Pôle-Emploi),
8645653,Consultant Senior Tech Risk - Data Advisory Financial Services (H/F),"Consultant Senior Tech Risk - Data Advisory Financial Services (H/F) Temps complet Description de l'entreprise Forvis Mazars est un groupe international d'audit, de fiscalité et de conseil. Avec + de  collaborateurs présents dans une centaine de pays, nous faisons partie du Top 10 des cabinets mondiaux. Nous faisons des métiers sérieux... sans se prendre au sérieux. Faire partie de nos équipes, c'est avant tout assumer sa singularité et oser partager ses idées, dans une ambiance de travail...",2025-06-24T15:39:43.000Z,2025-06-24T15:39:43.000Z,92 - COURBEVOIE,48.897974,2.257057,92400,92026,CDI,Contrat à durée indéterminée,Contrat travail,D,Débutant accepté,,,,,,,,,False,,,,,,,2,https://candidat.francetravail.fr/offres/recherche/detail/8645653,DIRECTEMPLOI (https://www.directemploi.com/candidatOffre/51775652?utm_source=pole-emploi&utm_medium=referral&utm_campaign=Pôle-Emploi),
8645353,Data Project Manager H/F,"Data Project Manager H/F Temps complet Business Line: Consulting and Operations Contrat: Contrat à durée indéterminée Service Line: OnM Indirect Région: Reg France Job Family: Numérique, information et technologie Profession: Données Description de l'entreprise Egis est un groupe international de conseil, d'ingénierie de la construction et d'exploitation qui œuvre dans le monde entier pour des territoires plus équilibrés, plus durables et plus résilients. Conseil et Exploitation offre une contin...",2025-06-24T15:38:46.000Z,2025-06-24T15:38:46.000Z,78 - GUYANCOURT,48.772152,2.070024,78280,78297,CDI,Contrat à durée indéterminée,Contrat travail,D,Débutant accepté,,,,,,,,,False,,,,,,,2,https://candidat.francetravail.fr/offres/recherche/detail/8645353,DIRECTEMPLOI (https://www.directemploi.com/candidatOffre/51778295?utm_source=pole-emploi&utm_medium=referral&utm_campaign=Pôle-Emploi),
8644817,Senior Consultant/Manager - Data Architect et/ou Data Engineer - H/F - CDI,"Senior Consultant/Manager - Data Architect et/ou Data Engineer - H/F - CDI Temps complet Description de l'entreprise Wavestone est un cabinet de conseil, qui a pour mission d'accompagner les entreprises et organisations dans leurs transformations stratégiques dans un monde en constante évolution, avec l'ambition de générer des impacts positifs et durables pour toutes ses parties prenantes. Forts de plus de  collaborateurs talentueux et engagés à travers l'Europe, l'Amérique du Nord et l'Asi...",2025-06-24T15:37:10.000Z,2025-06-24T15:40:31.000Z,75,,,,75056,CDI,Contrat à durée indéterminée,Contrat travail,D,Débutant accepté,,,,,,,,,False,,,,,,,2,https://candidat.francetravail.fr/offres/recherche/detail/8644817,DIRECTEMPLOI (https://www.directemploi.com/candidatOffre/51770880?utm_source=pole-emploi&utm_medium=referral&utm_campaign=Pôle-Emploi),
8644651,CLOUD FORWARD : Pourquoi les écosystèmes Data dans le Cloud sont-ils le seul avenir viable ? (H/F),"CLOUD FORWARD : Pourquoi les écosystèmes Data dans le Cloud sont-ils le seul avenir viable ? Stage Description de l'entreprise Wavestone est un cabinet de conseil, qui a pour mission d'accompagner les entreprises et organisations dans leurs transformations stratégiques dans un monde en constante évolution, avec l'ambition de générer des impacts positifs et durables pour toutes ses parties prenantes. Forts de plus de  collaborateurs talentueux et engagés à travers l'Europe, l'Amérique du Nor...",2025-06-24T15:36:42.000Z,2025-06-24T15:36:42.000Z,75,,,,75056,CDI,Contrat à durée indéterminée,Contrat travail,D,Débutant accepté,,,,,,,,,False,,,,,,,2,https://candidat.francetravail.fr/offres/recherche/detail/8644651,DIRECTEMPLOI (https://www.directemploi.com/candidatOffre/51770887?utm_source=pole-emploi&utm_medium=referral&utm_campaign=Pôle-Emploi),
8644616,Manager Data Gouvernance & Advisory Financial Services (H/F),"Manager Data Gouvernance & Advisory Financial Services (H/F) Temps complet Description de l'entreprise Forvis Mazars est un groupe international d'audit, de fiscalité et de conseil. Avec + de  collaborateurs présents dans une centaine de pays, nous faisons partie du Top 10 des cabinets mondiaux. Nous faisons des métiers sérieux... sans se prendre au sérieux. Faire partie de nos équipes, c'est avant tout assumer sa singularité et oser partager ses idées, dans une ambiance de travail que nou...",2025-06-24T15:36:36.000Z,2025-06-24T15:36:36.000Z,92 - LEVALLOIS PERRET,48.894215,2.286846,92300,92044,CDI,Contrat à durée indéterminée,Contrat travail,D,Débutant accepté,,,,,,,,,False,,,,,,,2,https://candidat.francetravail.fr/offres/recherche/detail/8644616,DIRECTEMPLOI (https://www.directemploi.com/candidatOffre/51775435?utm_source=pole-emploi&utm_medium=referral&utm_campaign=Pôle-Emploi),
8644603,"Luxe, Beauté & Retail - L'exploitation de la data sur le marché du luxe, de la beauté et du retail (H/F)","Luxe, Beauté & Retail - L'exploitation de la data sur le marché du luxe, de la beauté et du retail Stage Description de l'entreprise Dans un monde où savoir se transformer est la clé du succès, Wavestone s'est donné pour mission d'éclairer et guider les grandes organisations dans leurs transformations les plus critiques. Des transformations qui visent à répondre aux grands enjeux stratégiques auxquels elles vont faire face dans les années à venir : l'accélération de la révolution numérique, l'in...",2025-06-24T15:36:34.000Z,2025-06-24T15:36:34.000Z,75,,,,75056,CDI,Contrat à durée indéterminée,Contrat travail,D,Débutant accepté,,,,,,,,,False,,,,,,,2,https://candidat.francetravail.fr/offres/recherche/detail/8644603,DIRECTEMPLOI (https://www.directemploi.com/candidatOffre/51774152?utm_source=pole-emploi&utm_medium=referral&utm_campaign=Pôle-Emploi),
8644338,Développeur Data Analyst (H/F) - LYON,"Développeur Data Analyst (H/F) - LYON Temps complet Description de l'entreprise Vous êtes passionné(e) par le développement applicatif et souhaitez faire de cette passion votre quotidien ? Protéger, conseiller et accompagner sont des valeurs fortes qui vous animent ? Alors donnez un nouvel envol à votre carrière grâce à notre poste de Développeur Data Analyst H/F , à pourvoir actuellement en CDI sur Lyon . Description du poste Fort de 70 ans d'expertise, notre client est un acteur important du s...",2025-06-24T15:35:50.000Z,2025-06-24T15:35:50.000Z,69,,,,69123,CDI,Contrat à durée indéterminée,Contrat travail,D,Débutant accepté,,,,,,,,,False,,,,,,,2,https://candidat.francetravail.fr/offres/recherche/detail/8644338,DIRECTEMPLOI (https://www.directemploi.com/candidatOffre/51774348?utm_source=pole-emploi&utm_medium=referral&utm_campaign=Pôle-Emploi),
8644311,Faire de la Data un Asset pour l'organisation grâce à l'IA et la BI (H/F),"Faire de la Data un Asset pour l'organisation grâce à l'IA et la BI Stage Description de l'entreprise Wavestone est un cabinet de conseil, qui a pour mission d'accompagner les entreprises et organisations dans leurs transformations stratégiques dans un monde en constante évolution, avec l'ambition de générer des impacts positifs et durables pour toutes ses parties prenantes. Forts de plus de  collaborateurs talentueux et engagés à travers l'Europe, l'Amérique du Nord et l'Asie, nous disposo...",2025-06-24T15:35:45.000Z,2025-06-24T15:35:45.000Z,75,,,,75056,CDI,Contrat à durée indéterminée,Contrat travail,D,Débutant accepté,,,,,,,,,False,,,,,,,2,https://candidat.francetravail.fr/offres/recherche/detail/8644311,DIRECTEMPLOI (https://www.directemploi.com/candidatOffre/51770901?utm_source=pole-emploi&utm_medium=referral&utm_campaign=Pôle-Emploi),
8643720,IA Data et Test - Audit Interne en stage (F/H) - MASSY (H/F)," Le saviez-vous ?  Créateur de l'hypermarché, Carrefour reste fidèle à ses racines tout en se réinventant pour permettre à chacun de mieux manger : plus sain, plus local, plus responsable. Leader mondial de la distribution, nous sommes engagés pour la diversité, la RSE et la transformation digitale, tout en créant un environnement de travail inclusif et stimulant. Nos atouts pour y parvenir ?  Un réseau multi format, multi métiers avec des collaborateurs passionnés, qui s'engagent, pour réussir la transition alimentaire pour tous. Bienvenue chez nous !  La Direction de l'Audit Interne et des Risques recrute un:  Interagir avec les équipes d'audit pour élaborer les tests requis dans les missions d'audit et développer les scripts pour leur exécution automatique et leur réutilisation. Partager les tests, scripts et bonnes pratiques avec la communauté de pratiques Data et Tests.Développer des tableaux de bord dans des solutions de Bl en self-service telles que Power BI, Google Data Studio ou Tableau. Effectuer des requêtes dans des bases de données SQL pour extraire des informations à utiliser dans les tests. Développer des automatisations grâce à des solutions comme Selenium et des API de consommation comme Postman. Effectuer le traitement des données nécessaires aux tests afin de les structurer. Être capable de récupérer les données pertinentes pour effectuer des tests à partir d'outils d'entreprise tels que SAP, SalesForce et Ariba. Organiser des ateliers pour le transfert des connaissances à l'équipe du département de l'Audit interne et des Risques. Documenter et formaliser de façon standard les tests effectués et permettre la mise en œuvre du ""versioning"" et des améliorations futures. Gérer la bibliothèque de tests, promouvoir la pratique de réutilisation en soutenant les équipes à utiliser les tests. Développer une visibilité des risques inhérents au processus de contrôle continu. Travailler sur l'automatisation du processus de suivi des plans d'action d'audit. ? Votre profil :De formation: Actuellement en formation dans une école d'ingénieur, une école de technologie ou à l'université, vous recherchez un environnement de travail tourné vers l'internationalVous êtes reconnu pour votre capacité à partager vos connaissances avec les autres et pour votre esprit d'analyseVous travaillez bien en équipe et avez des compétences techniques et analytiques pour la conception des tests et l'interprétation des résultats Vous avez une bonne compréhension des systèmes d'information et de la gestion de bases de donnéesVous êtes capable de prendre du recul par rapport à votre travail, d'évaluer vos approches sur les analyses à faire, et les analyses possibles en fonction des données disponiblesVous êtes créatifVous avez de bonnes capacités de communication à l'oral et à l'écrit en français et en anglais (une troisième langue - espagnol, portugais, italien, polonais ou roumain- est un plus, mais le prérequis est un bon niveau d'anglais)Outils techniques: - La maîtrise d'outils d'analyse de données (Excel, Power BI, Google Data Studio ou Tableau...) est un prérequis- La maîtrise d' un langage comme Python, R, Powershell ou javascript et SQL est un prérequis- La connaissance d'outils d'automation comme Selenium et Postman est un plus. ? Informations complémentaires : Contrat : StageDurée du contrat : 6 moisPoste basé à Massy (91)Vous aurez accès aux infrastructures du campus (salle de sport, conciergerie, drive, parking et large choix de restauration)Carrefour s'engage pour la santé et le bien-être de ses collaborateurs en leur proposant différents services : une solution gratuite pour faire du sport grâce à l'application Gymlib Envie de rejoindre l'aventure ? Chez Carrefour, nous avons à cœur de ne passer à côté d'aucun talent et sommes fiers de compter des équipes représentatives de la société dans son ensemble. Nous encourageons ainsi tous types de profils à postuler à cette offre et garantissons un processus de recrutement dénué de toutes formes de discriminations.",2025-06-24T14:50:48.000Z,2025-06-24T14:50:49.000Z,France,,,,,CDI,Contrat à durée indéterminée,Contrat travail,D,Débutant accepté,,,,,,,,,False,,,,,,,2,https://candidat.francetravail.fr/offres/recherche/detail/8643720,DIRECTEMPLOI (https://www.directemploi.com/candidatOffre/51704543?utm_source=pole-emploi&utm_medium=referral&utm_campaign=Pôle-Emploi),
8643708,Data Engineer Spark Scala  - Services Financiers - Ile de France (H/F),"Chez notre client, grande banque commerciale française, vous intégrez nos squads&#xa0;pour intervenir sur des projets de grande envergure, des projets transformants et structurants de la banque de demain. Vous interviendrez sur la gestion d'applications sur des domaines tels que&#xa0;: la conformité, la fraude, la lutte anti-blanchiment, les risques de crédit, la trésorerie, les paiements, les financements structurés ou encore le réglementaire bancaire.Au sein de notre Data Factory, vous êtes pleinement impliqué(e) dans toutes les phases de nos projets pour le compte de grands clients, contribuant ainsi à leur succès. Vous avez l'occasion de développer vos compétences techniques et fonctionnelles de manière approfondie, tout en travaillant sur des projets exigeants et passionnants pour le compte de grands clients du secteur bancaire.&#xa0;Votre rôle et vos missions : Vous avez pour rôle la mise en place de pipelines de données fiables, sécurisés et à l'échelle pour soutenir la mise à disposition des données aux cas d'usage métier qui en ont besoin.Vos activités principales sont les suivantes :Vous travaillez avec le client pour évaluer, concevoir, déployer, améliorer et maintenir les pipelines de données;Vous vous assurez que les pipelines de données créés sont résilients, sécurisés et accessibles;Vous définissez le modèle opérationnel pour monitorer et supporter les pipelines de donnéesVous fournissez une expertise à nos clients sur leurs données pour assurer leur optimisation et leur sécurité par rapport à leurs besoins;Vous apportez un savoir en gestion de la qualité et la gouvernance de la donnée pour assurer le suivi de la conformité à la gouvernance de la donnéeVous faites de la veille technologique dans le domaine afin d'enrichir les roadmaps technologiques et fournir des solutions modernes à nos clients.",2025-06-24T14:50:39.000Z,2025-06-24T14:50:39.000Z,75,,,,75056,CDI,Contrat à durée indéterminée,Contrat travail,D,Débutant accepté,,,,,,,,,False,,,,,,,2,https://candidat.francetravail.fr/offres/recherche/detail/8643708,DIRECTEMPLOI (https://www.directemploi.com/candidatOffre/51790238?utm_source=pole-emploi&utm_medium=referral&utm_campaign=Pôle-Emploi),
8643619,Data Ingénieur(e) Snowflake expérimenté(e) - Industrie & Service - Aix En Provence (H/F),"Convaincu que la Data est le moteur d'un socle industriel évolutif et durable, construit pour répondre aux enjeux buisness, nous travaillons sur toute la chaine afin d'apporter de la valeur à nos clients en lien avec nos équipes conseils et delivery.En tant qu'Ingénieur(e) Data vous intégrez l'un de nos clients grands comptes dans le cadre d'une squad métier sur des sujets data autour du Cloud AWS.&#xa0;Vous travaillerez sur tous les domaines de la data : des référentiels de données, de l'IA en collectivités, de la refonte de SI chez nos clients, mise en place de plateforme data pour accompagner nos clients dans leur transformation.Vous participez à toutes les phases du développement des projets :L'interaction avec le métier pour collecter leurs besoins d'analyseLa collecte des données pertinentes pour la réalisation des analysesLa vérification de la qualité des données et mise en œuvre d'actions de remédiation si nécessaireLa transformation et analyses multidimensionnelle des donnéesLa construction de tableaux de bord permettant de visualiser les donnéesL'identification d'insights et interprétation avec le métierVous maitrisez nécessairement les technologies Cloud AWSUne connaissance de Snowflake serait un atout&#xa0;non négligeable&#xa0;",2025-06-24T14:49:50.000Z,2025-06-24T14:49:51.000Z,13 - AIX EN PROVENCE,43.541369,5.406124,13080,13001,CDI,Contrat à durée indéterminée,Contrat travail,D,Débutant accepté,,,,,,,,,False,,,,,,,2,https://candidat.francetravail.fr/offres/recherche/detail/8643619,DIRECTEMPLOI (https://www.directemploi.com/candidatOffre/51789873?utm_source=pole-emploi&utm_medium=referral&utm_campaign=Pôle-Emploi),
8643562,Leader Technique DATA - Informatica IDMC - DCoE France (H/F),"Leader Technique DATA - Informatica IDMC - DCoE France Temps complet Description de l'entreprise Sopra Steria , acteur majeur de la Tech en Europe avec  collaborateurs dans près de 30 pays, est reconnu pour ses activités de conseil, de services numériques et d'édition de logiciels. Il aide ses clients à mener leur transformation digitale et à obtenir des bénéfices concrets et durables. Le Groupe apporte une réponse globale aux enjeux de compétitivité des grandes entreprises et organisation...",2025-06-24T14:49:23.000Z,2025-06-24T14:49:23.000Z,92 - COURBEVOIE,48.897974,2.257057,92400,92026,CDI,Contrat à durée indéterminée,Contrat travail,D,Débutant accepté,,,,,,,,,False,,,,,,,2,https://candidat.francetravail.fr/offres/recherche/detail/8643562,DIRECTEMPLOI (https://www.directemploi.com/candidatOffre/51779940?utm_source=pole-emploi&utm_medium=referral&utm_campaign=Pôle-Emploi),
8643539,Consultant(e) Senior à Manager - Stratégie Data - Aix-En-Provence (H/F),"Consultant(e) Senior à Manager - Stratégie Data - Aix-En-Provence Temps complet Description de l'entreprise Sopra Steria Next est la marque de conseil en transformation digitale du Groupe Sopra Steria. Ses  consultants en Europe conçoivent des stratégies visionnaires, réellement actionnables et s'engagent sur des résultats tangibles pour les entreprises, leurs collaborateurs et leurs clients. Sopra Steria Next fait partie du Groupe Sopra Steria, l'un des leaders européens de la Tech reconnu...",2025-06-24T14:49:11.000Z,2025-06-24T14:49:11.000Z,13 - AIX EN PROVENCE,43.541369,5.406124,13080,13001,CDI,Contrat à durée indéterminée,Contrat travail,D,Débutant accepté,,,,,,,,,False,,,,,,,2,https://candidat.francetravail.fr/offres/recherche/detail/8643539,DIRECTEMPLOI (https://www.directemploi.com/candidatOffre/51780030?utm_source=pole-emploi&utm_medium=referral&utm_campaign=Pôle-Emploi),
8643502,Senior Consultant(e) Data Strategist (H/F),"Senior Consultant(e) Data Strategist Temps complet Contract type: CDI Description de l'entreprise Chez Devoteam Digital Impulse, nous accompagnons nos clients dans leur transformation digitale, de la stratégie à l'exécution. Nous impulsons le changement, à travers nos 5 domaines d'expertise : Digital business & Products People Enterprise & Performance Nextgen IT Data CFO Notre force Devoteam Digital Impulse en France, c'est plus de 25 ans d'expérience. Un cabinet à taille humaine de 200 collabor...",2025-06-24T14:48:56.000Z,2025-06-24T14:48:57.000Z,92 - LEVALLOIS PERRET,48.894215,2.286846,92300,92044,CDI,Contrat à durée indéterminée,Contrat travail,D,Débutant accepté,,,,,,,,,False,,,,,,,2,https://candidat.francetravail.fr/offres/recherche/detail/8643502,DIRECTEMPLOI (https://www.directemploi.com/candidatOffre/51777513?utm_source=pole-emploi&utm_medium=referral&utm_campaign=Pôle-Emploi),
8643490,Business Analyst Data (BA) F/H (H/F),"Business Analyst Data (BA) F/H Temps complet Contract type: CDI Description de l'entreprise Avec près de  collaborateurs à travers le monde, nous accompagnons les entreprises dans leur transformation numérique. Nous imaginons et concrétisons leurs ambitions grâce aux possibilités infinies des plateformes digitales, pour faire évoluer leur culture et leur mode de travail, et créer de la valeur dans leurs organisations. Présent dans 18 pays d'Europe et du Moyen-Orient et fort de 25 ans d'exp...",2025-06-24T14:48:51.000Z,2025-06-24T14:48:51.000Z,69,,,,69123,CDI,Contrat à durée indéterminée,Contrat travail,D,Débutant accepté,,,,,,,,,False,,,,,,,2,https://candidat.francetravail.fr/offres/recherche/detail/8643490,DIRECTEMPLOI (https://www.directemploi.com/candidatOffre/51777314?utm_source=pole-emploi&utm_medium=referral&utm_campaign=Pôle-Emploi),
8643375,"Data Engineer Senior / Minimum 5 ans d'expérience en ingénierie des données, en analyse de données H/F - Paris la Défense","Développement de Solutions d'Analyse et Décisionnel : Concevoir et développer des pipelines de données pour transformer et préparer les données pour l'analyse. Mettre en oeuvre des modèles de données et des structures de base de données optimisées pour l'analyse. Mettre en place des processus de nettoyage, de validation et de vérification des données. Assurer la qualité et l'intégrité des données tout au long du cycle de vie des données. Collaboration Inter-équipes : Travailler avec les data scientists, les analystes de données et les ingénieurs pour comprendre leurs besoins en données et fournir des solutions adaptées. Collaborer avec les équipes de développement pour intégrer les solutions d'analyse dans les produits et services. Documenter les processus de transformation de données, les modèles de données et les pipelines. Fournir un support aux utilisateurs finaux pour l'utilisation des outils et des rapports d'analyse. Technologies et Amélioration Continue : Utiliser et maintenir des outils de transformation de données (par exemple, dbt, Apache Spark). Identifier les opportunités d'optimisation des processus d'analyse de données. Participer à des projets d'innovation et d'amélioration continue pour améliorer les capacités d'analyse de l'entreprise. Technologies : AzurePour en savoir plus cliquez ici : Cliquez ici",2025-06-24T14:48:08.000Z,2025-06-24T14:48:08.000Z,France,,,,,CDI,Contrat à durée indéterminée,Contrat travail,D,Débutant accepté,,,,,,,,,False,,,,,,,2,https://candidat.francetravail.fr/offres/recherche/detail/8643375,DIRECTEMPLOI (https://www.directemploi.com/candidatOffre/51762620?utm_source=pole-emploi&utm_medium=referral&utm_campaign=Pôle-Emploi),
8643295,Data engineer H/F,"Nous recherchons un Data Ingénieur pour notre client. Le poste est basé à Paris.Missions : Maintenir les chaînes de traitement existantes (SSIS, SnowSQL, Python), assurer la qualité et la disponibilité des données. Finaliser la migration d'anciennes chaînes de traitement (SQL Server) vers le nouveau datalake Snowflake. Participer aux ateliers avec les équipes métier pour collecter les besoins et définir les solutions optimales avec pragmatisme et vision long terme. Développer de nouvelles chaînes de traitement pour intégrer de nouvelles données dans le datalake (Batch, API). Définir et implémenter les règles métier pour créer les tables et vues adaptées aux besoins exprimés. Assurer la recette des données avec les PO et les équipes métier. Implémenter des algorithmes plus complexes en fonction des besoins (eg. création d'un référentiel client unique, algorithmes de personnalisation, etc.).",2025-06-24T14:47:45.000Z,2025-06-24T14:47:45.000Z,France,,,,,CDI,Contrat à durée indéterminée,Contrat travail,D,Débutant accepté,,,,,,,,,False,,,,,,,2,https://candidat.francetravail.fr/offres/recherche/detail/8643295,DIRECTEMPLOI (https://www.directemploi.com/candidatOffre/51728976?utm_source=pole-emploi&utm_medium=referral&utm_campaign=Pôle-Emploi),
8642899,Gestionnaire Souscriptions Data - Private Equity (H/F),"Antony Laplagne, consultant chez Fed Finance et spécialisé dans le recrutement des métiers de la Finance de marché, de l'Asset management et du Private Equity.Je recherche pour un de mes clients, une société de Private Equity fonctionnant comme une Fintech, un Gestionnaire Souscriptions et Data.  Vous souhaitez vous engager et évoluer dans un environnement exigeant, agile, challengeant, innovant, au sein d'une belle société de gestion qui s'est développée auprès de la clientèle retail ? Ce poste est fait pour vous ! Vous venez renforcer l'équipe Souscriptions et Data présente au sein de la Direction des Opérations composée de 4 personnes dont l'objectif est 1) de renforcer l'impact business en fiabilisant les collectes de fonds de chaque fonds, 2) d'appuyer le développement international et 3) de fournir de la data et des outils d'aide à la décision aux directions.  Vos missions sous la direction du Directeur des Opérations et du Responsable des souscriptions :  1) Collaborer avec le responsable des souscriptions dans le suivi et la gestion quotidienne des souscriptions : contrôles KYC (know your client) et LCB-FT en fonction des exigences règlementaires des différents pays et fonds, validation des bulletins de souscription, rapports périodiques sur l'activité au RCCI.  2) Prendre en charge un de nos modèles de distribution en autonomie, par exemple les apporteurs d'affaires.  3) Participer à la collecte régulière des chiffres, analyser les données et établir des KPIs en utilisant notre outil de Business Intelligence. Etre force de proposition pour améliorer le parcours client, l'expérience des contrôleurs pour le suivi des souscriptions et réduire le taux de non-conformité des dossiers. Vous répondez également aux clients internes en leur fournissant des tableaux de bords pertinents. Vous serez donc à la fois producteur et consommateur de data.  4) Répondre aux clients externes et au réseau de distribution sur les sujets opérationnels, les relancer sur leurs dossiers signés, non signés et effectuer un suivi rigoureux.  5) Développer la pédagogie auprès des équipes internes, dont l'équipe commerciale, sur la mise en œuvre des process.  6) Animer ou coordonner différents sujets et projets opérationnels et règlementaires auprès des équipes internes : revues périodiques, évolution des exigences des contrôles, internationalisation, reportings règlementaires au passif des fonds, mise en place de l'exécution via des plateformes (Allfunds, Iznes).  7) Participer à des projets internes : participation au lancement de nouveaux pays, de nouveaux produits, etc.  8) Prendre en main l'écosystème en travaillant avec les product owners : plateforme de souscription digitalisée, CRM, outil de Business Intelligence, ERP.",2025-06-24T14:46:02.000Z,2025-06-24T14:46:02.000Z,75,,,,75056,CDI,Contrat à durée indéterminée,Contrat travail,D,Débutant accepté,,,,,,,,,False,,,,,,,2,https://candidat.francetravail.fr/offres/recherche/detail/8642899,DIRECTEMPLOI (https://www.directemploi.com/candidatOffre/51820169?utm_source=pole-emploi&utm_medium=referral&utm_campaign=Pôle-Emploi),
8642626,Chef de projet data H/F,"Intégrateur de solutions Microsoft, notre client accompagne et conseille ses clients dans la mise en place de différentes solutions digitales. Avec un réseau de 10 agences, il intervient sur la gestion de projets nationaux et internationaux. Dans l'optique de renforcer son équipe, il est à la recherche d'un Chef de projet data.Vos missions sont : La contribution à la mise en place de solutions DATA et BI depuis la phase de cadrage jusqu'au déploiement. Etre le Responsable de l'orientation, de l'animation et de la coordination des projets. La réalisation d'un cahier des charges et d'études de faisabilité. Le suivi de l'avancement du projet, le budget et le planning. La réalisation et/ou la validation des documents d'analyse fonctionnelle et les documents de conception. La formation des utilisateurs à l'utilisation des suites de gestion proposées. La garantie de la qualité des livrables.",2025-06-24T14:44:41.000Z,2025-06-24T14:44:41.000Z,67 - STRASBOURG,48.579831,7.761454,67000,67482,CDI,Contrat à durée indéterminée,Contrat travail,D,Débutant accepté,,,,,,,,,False,,,,,,,2,https://candidat.francetravail.fr/offres/recherche/detail/8642626,DIRECTEMPLOI (https://www.directemploi.com/candidatOffre/51729017?utm_source=pole-emploi&utm_medium=referral&utm_campaign=Pôle-Emploi),
8641837,Data Analyst MDD (Marque De Distributeur) (F/H) Stage - EVRY (H/F),"Le saviez-vous ?  Créateur de l'hypermarché, Carrefour reste fidèle à ses racines tout en se réinventant pour permettre à chacun de mieux manger : plus sain, plus local, plus responsable. L'un des leaders mondiaux de la distribution, nous sommes engagés pour la diversité, la RSE et la transformation digitale, tout en créant un environnement de travail inclusif et stimulant.Nos atouts pour y parvenir ? Un réseau multi format, multi métiers avec des collaborateurs passionnés, qui s'engagent, pour réussir la transition alimentaire pour tous. Carrefour recherche pour sa Direction Outils, Projets et Performance Marques de Distributeur Carrefour basée à Massy un(e) : Data Analyst MDD (Marque De Distributeur) (F/H) Stage? Contexte Au cœur du plan stratégique Carrefour , la direction Outils, Projets et Performance joue un rôle crucial en soutenant les différentes directions de la marque propre (MDD). Dans cette perspective, nous recherchons un(e) Stagiaire Data Analyst MDD pour accompagner notre Data Analyst dans la création, la structuration et l'enrichissement d'outils d'analyse de données, contribuant ainsi à éclairer la prise de décision.? Vos missionsEn collaboration avec le Data Analyst, vos missions principales seront les suivantes : Analyses Ad-Hoc :Mener des analyses ponctuelles de bout en bout, en autonomie.Traduction des Besoins Métier :Identifier et traduire les défis métier en problématiques d'analyse de données.Communiquer de manière pédagogique et bienveillante sur les enjeux techniques.Traitement et Intégration des Données :Nettoyer, préparer, transformer et intégrer les données provenant de diverses sources.Assurer la qualité et la fiabilité des données utilisées pour l'analyse.Création et Maintenance de Tableaux de Bord :Concevoir des tableaux de bord interactifs et pertinents pour les parties prenantes.Mettre à jour et assurer la maintenance régulière des tableaux de bord existants.Manipulation de Données Volumineuses :Traiter et analyser de grands volumes de données en utilisant des techniques et outils adaptés.Accompagnement des Équipes Métier :Fournir un soutien aux équipes métier pour l'utilisation efficace des outils d'analyse.? Votre profilFormation : En cours d'obtention d'un Bac+5 (école d'ingénieur ou équivalent) avec une spécialisation en analyse de données, statistiques, informatique décisionnelle ou domaine connexe.Expérience : Vous recherchez un stage de 6 mois pour valider votre diplôme. Compétences Techniques :Maîtrise du requêtage SQL.Compétences en programmation Python.Expérience avec un outil de visualisation de données (e.g., Looker Studio, Tableau, Power BI).Notions du Cloud (idéalement Google Cloud Platform) et des services Cloud (BigQuery).Familiarité avec les applications web Google (Sheets, Slides, Colaboratory).Qualités Personnelles :Intérêt marqué pour le secteur de la grande distribution.Curiosité et esprit d'investigation.Motivation à apprendre et à relever des défis.Esprit critique et aptitude à la résolution de problèmes.Capacités de vulgarisation et de pédagogie.Ouverture d'esprit et capacité d'adaptation.Aptitude à travailler dans un environnement positif et collaboratif.Les plusExpérience avec BigQuery et/ou Google Looker Studio.Connaissance de la méthodologie de gestion de projets Agile.Compétences techniques requises :Avoir des notions du Cloud (Google Cloud Platform) ainsi que des Services Cloud (BigQuery, etc.).Familiarité avec les applications web Google (Google Sheets, Google Slides, Google Colaboratory & Google Looker Studio).Maîtrise minimale d'outils de visualisation de données (Looker Studio (ex. Google data studio))Connaissance de la méthodologie de gestion de projets Agile serait un plus.Pourquoi rejoindre Carrefour ?Une expérience enrichissante au sein d'un leader de la distribution.L'opportunité de développer vos compétences en analyse de données dans un contexte concret et stimulant.Un environnement de travail dynamique et collaboratif.La possibilité de contribuer activement à la transformation de l'entreprise et à la réussite de la Transition Alimentaire pour tous.? Informations complémentairesDate de début : 22 juillet Lieu : Massy (91) - RER B/RER C Massy-PalaiseauRemboursement des frais de transport à hauteur de 50%Vous aurez accès aux infrastructures du campus (salle de sport, conciergerie, drive, parking et restauration)Envie de rejoindre l'aventure ? Chez Carrefour, nous avons à cœur de ne passer à côté d'aucun talent et sommes fiers de compter des équipes représentatives de la société dans son ensemble. Nous encourageons ainsi tous types de profils à postuler à cette offre et garantissons un processus de recrutement dénué de toutes formes de discriminations. ",2025-06-24T14:41:01.000Z,2025-06-24T14:41:01.000Z,91 - EVRY COURCOURONNES,48.627362,2.433066,91000,91228,CDI,Contrat à durée indéterminée,Contrat travail,D,Débutant accepté,,,,,,,,,False,,,,,,,2,https://candidat.francetravail.fr/offres/recherche/detail/8641837,DIRECTEMPLOI (https://www.directemploi.com/candidatOffre/51757592?utm_source=pole-emploi&utm_medium=referral&utm_campaign=Pôle-Emploi),
